Media ID,Title,English Title,Status,My Rating,Scale (10),Community Score,Score Delta,Progress,Total Episodes,Completion %,Watch Hours,Format,Release Year,Decade,Main Studio,Genres,Started At,Completed At,AniList URL
9513,Beelzebub,Beelzebub,completed,100,10,75,25,60,60,100,24,TV,2011,2010s,Studio Pierrot,"Action; Comedy; Supernatural",,2021-10-15,https://anilist.co/anime/9513
1470,City Hunter,,completed,100,10,76,24,51,51,100,21.25,TV,1987,1980s,Sunrise,"Action; Comedy; Mystery",,2021-10-15,https://anilist.co/anime/1470
1535,DEATH NOTE,Death Note,completed,100,10,84,16,37,37,100,14.18,TV,2006,2000s,MADHOUSE,"Mystery; Psychological; Supernatural; Thriller",,2021-10-15,https://anilist.co/anime/1535
223,Dragon Ball,Dragon Ball,completed,100,10,78,22,153,153,100,63.75,TV,1986,1980s,Toei Animation,"Action; Adventure; Comedy; Fantasy; Sci-Fi; Supernatural",,2021-10-15,https://anilist.co/anime/223
114535,Fumetsu no Anata e,To Your Eternity,completed,100,10,81,19,20,20,100,8.33,TV,2021,2020s,Brain's Base,"Adventure; Drama; Fantasy; Psychological; Supernatural",,2021-10-15,https://anilist.co/anime/114535
245,GTO,GTO: Great Teacher Onizuka,completed,100,10,84,16,43,43,100,17.92,TV,1999,1990s,Studio Pierrot,"Comedy; Drama; Slice of Life",,2021-10-15,https://anilist.co/anime/245
5114,Hagane no Renkinjutsushi: FULLMETAL ALCHEMIST,Fullmetal Alchemist: Brotherhood,completed,100,10,90,10,64,64,100,26.67,TV,2009,2000s,bones,"Action; Adventure; Drama; Fantasy",,2021-10-15,https://anilist.co/anime/5114
20464,Haikyuu!!,HAIKYU!!,completed,100,10,83,17,25,25,100,10,TV,2014,2010s,Production I.G,"Comedy; Drama; Sports",,2021-10-15,https://anilist.co/anime/20464
20992,Haikyuu!! 2nd Season,HAIKYU!! 2nd Season,completed,100,10,86,14,25,25,100,10,TV,2015,2010s,Production I.G,"Comedy; Drama; Sports",,2021-10-15,https://anilist.co/anime/20992
106625,Haikyuu!! TO THE TOP,HAIKYU!! TO THE TOP,completed,100,10,83,17,13,13,100,5.2,TV,2020,2020s,Production I.G,"Comedy; Drama; Sports",,2021-10-15,https://anilist.co/anime/106625
113538,Haikyuu!! TO THE TOP 2,HAIKYU!! TO THE TOP Part 2,completed,100,10,85,15,12,12,100,4.8,TV,2020,2020s,Production I.G,"Comedy; Drama; Sports",,2021-10-15,https://anilist.co/anime/113538
21698,Haikyuu!!: Karasuno Koukou VS Shiratorizawa Gakuen Koukou,HAIKYU!! 3rd Season,completed,100,10,87,13,10,10,100,4.17,TV,2016,2010s,Production I.G,"Comedy; Drama; Sports",,2021-10-15,https://anilist.co/anime/21698
136,HUNTER×HUNTER,Hunter x Hunter,completed,100,10,83,17,62,62,100,23.77,TV,1999,1990s,Nippon Animation,"Action; Adventure; Fantasy",,2021-10-15,https://anilist.co/anime/136
11061,HUNTER×HUNTER (2011),Hunter x Hunter (2011),completed,100,10,89,11,148,148,100,59.2,TV,2011,2010s,MADHOUSE,"Action; Adventure; Fantasy",,2021-10-15,https://anilist.co/anime/11061
185,Initial D,Initial D 1st Stage,completed,100,10,82,18,26,26,100,10.83,TV,1998,1990s,OB Planning,"Action; Drama; Sports",,2021-10-15,https://anilist.co/anime/185
15059,Initial D Fifth Stage,,completed,100,10,79,21,14,14,100,6.3,TV,2012,2010s,Avex Entertainment,"Action; Drama; Sports",,2021-10-15,https://anilist.co/anime/15059
19613,Initial D Final Stage,,completed,100,10,81,19,4,4,100,1.8,TV,2014,2010s,SynergySP,"Action; Sports",,2021-10-15,https://anilist.co/anime/19613
18,Initial D FOURTH STAGE,Initial D 4th Stage,completed,100,10,80,20,24,24,100,10.8,TV,2004,2000s,OB Planning,"Action; Drama; Sports",,2021-10-15,https://anilist.co/anime/18
186,Initial D SECOND STAGE,Initial D 2nd Stage,completed,100,10,81,19,13,13,100,4.98,TV,1999,1990s,OB Planning,"Action; Drama; Sports",,2021-10-15,https://anilist.co/anime/186
187,Initial D THIRD STAGE,Initial D 3rd Stage,completed,100,10,78,22,1,1,100,1.73,MOVIE,2001,2000s,OB Planning,"Action; Drama; Romance; Sports",2021-10-15,2021-10-15,https://anilist.co/anime/187
249,Inuyasha,InuYasha,completed,100,10,77,23,167,167,100,66.8,TV,2000,2000s,Kyoto Animation,"Action; Adventure; Comedy; Fantasy; Romance",,2021-10-15,https://anilist.co/anime/249
113415,Jujutsu Kaisen,JUJUTSU KAISEN,completed,100,10,84,16,24,24,100,9.6,TV,2020,2020s,Toho,"Action; Drama; Supernatural",,2021-10-15,https://anilist.co/anime/113415
21519,Kimi no Na wa.,Your Name.,completed,100,10,85,15,1,1,100,1.78,MOVIE,2016,2010s,CoMix Wave,"Drama; Romance; Supernatural",2021-10-15,2021-10-15,https://anilist.co/anime/21519
10620,Mirai Nikki,The Future Diary,completed,100,10,69,31,26,26,100,9.97,TV,2011,2010s,Funimation,"Action; Horror; Mystery; Psychological; Supernatural; Thriller",,2021-10-15,https://anilist.co/anime/10620
20447,Noragami,Noragami,completed,100,10,78,22,12,12,100,4.8,TV,2014,2010s,bones,"Action; Adventure; Comedy; Supernatural",,2021-10-15,https://anilist.co/anime/20447
21128,Noragami ARAGOTO,Noragami Aragoto,completed,100,10,80,20,13,13,100,5.2,TV,2015,2010s,bones,"Action; Adventure; Comedy; Supernatural",,2021-10-15,https://anilist.co/anime/21128
16498,Shingeki no Kyojin,Attack on Titan,completed,100,10,85,15,25,25,100,10,TV,2013,2010s,WIT STUDIO,"Action; Drama; Fantasy; Mystery",,2021-10-15,https://anilist.co/anime/16498
20958,Shingeki no Kyojin Season 2,Attack on Titan Season 2,completed,100,10,85,15,12,12,100,5,TV,2017,2010s,WIT STUDIO,"Action; Drama; Fantasy; Mystery",,2021-10-15,https://anilist.co/anime/20958
99147,Shingeki no Kyojin Season 3,Attack on Titan Season 3,completed,100,10,86,14,12,12,100,4.8,TV,2018,2010s,WIT STUDIO,"Action; Drama; Fantasy; Mystery",,2021-10-15,https://anilist.co/anime/99147
104578,Shingeki no Kyojin Season 3 Part 2,Attack on Titan Season 3 Part 2,completed,100,10,89,11,10,10,100,4,TV,2019,2010s,WIT STUDIO,"Action; Drama; Fantasy; Mystery",,2021-10-15,https://anilist.co/anime/104578
110277,Shingeki no Kyojin: The Final Season,Attack on Titan Final Season,completed,100,10,87,13,16,16,100,6.4,TV,2021,2020s,MAPPA,"Action; Drama; Fantasy; Mystery",,2021-10-15,https://anilist.co/anime/110277
20923,Shokugeki no Souma,Food Wars!,completed,100,10,78,22,24,24,100,10,TV,2015,2010s,J.C.STAFF,"Comedy; Ecchi",,2021-10-15,https://anilist.co/anime/20923
114043,Shokugeki no Souma: Gou no Sara,Food Wars! The Fifth Plate,completed,100,10,71,29,13,13,100,5.2,TV,2020,2020s,J.C.STAFF,"Comedy; Drama; Ecchi",,2021-10-15,https://anilist.co/anime/114043
21518,Shokugeki no Souma: Ni no Sara,Food Wars! The Second Plate,completed,100,10,78,22,13,13,100,5.2,TV,2016,2010s,J.C.STAFF,"Comedy; Ecchi",,2021-10-15,https://anilist.co/anime/21518
100773,Shokugeki no Souma: San no Sara - Tootsuki Ressha-hen,Food Wars! The Third Plate: Totsuki Train Arc,completed,100,10,77,23,12,12,100,4.8,TV,2018,2010s,J.C.STAFF,"Comedy; Ecchi",,2021-10-15,https://anilist.co/anime/100773
109963,Shokugeki no Souma: Shin no Sara,Food Wars! The Fourth Plate,completed,100,10,76,24,12,12,100,4.8,TV,2019,2010s,J.C.STAFF,"Comedy; Ecchi",,2021-10-15,https://anilist.co/anime/109963
125428,Tenkuu Shinpan,High-Rise Invasion,completed,100,10,66,34,12,12,100,5,ONA,2021,2020s,Zero-G,"Action; Horror; Mystery",,2021-10-15,https://anilist.co/anime/125428
120120,Tokyo Revengers,Tokyo Revengers,completed,100,10,77,23,24,24,100,9.6,TV,2021,2020s,LIDENFILMS,"Action; Drama; Romance; Supernatural",,2021-10-15,https://anilist.co/anime/120120
101759,Yakusoku no Neverland,The Promised Neverland,completed,100,10,83,17,12,12,100,4.6,TV,2019,2010s,CloverWorks,"Drama; Fantasy; Horror; Mystery; Psychological; Thriller",,2021-10-15,https://anilist.co/anime/101759
20613,Akame ga Kill!,Akame ga Kill!,completed,90,9,73,17,24,24,100,9.6,TV,2014,2010s,WHITE FOX,"Action; Adventure; Drama; Fantasy; Horror; Psychological; Thriller",,2021-10-15,https://anilist.co/anime/20613
2116,Captain Tsubasa,,completed,90,9,71,19,128,128,100,51.2,TV,1983,1980s,Tsuchida Productions,"Action; Sports",,2021-10-15,https://anilist.co/anime/2116
1614,Captain Tsubasa: Road to 2002,Captain Tsubasa,completed,90,9,71,19,52,52,100,20.8,TV,2001,2000s,MADHOUSE,"Action; Sports",,2021-10-15,https://anilist.co/anime/1614
1575,Code Geass: Hangyaku no Lelouch,Code Geass: Lelouch of the Rebellion,completed,90,9,85,5,25,25,100,10,TV,2006,2000s,Sunrise,"Action; Drama; Mecha; Sci-Fi; Thriller",,2021-10-15,https://anilist.co/anime/1575
2904,Code Geass: Hangyaku no Lelouch R2,Code Geass: Lelouch of the Rebellion R2,completed,90,9,87,3,25,25,100,10,TV,2008,2000s,Sunrise,"Action; Drama; Mecha; Sci-Fi; Thriller",,2021-10-15,https://anilist.co/anime/2904
6033,Dragon Ball Kai,Dragon Ball Z Kai,completed,90,9,77,13,97,97,100,37.18,TV,2009,2000s,Toei Animation,"Action; Adventure; Comedy",,2021-10-15,https://anilist.co/anime/6033
20635,Dragon Ball Kai (2014),Dragon Ball Z Kai: The Final Chapters,completed,90,9,76,14,69,69,100,27.6,TV,2014,2010s,Toei Animation,"Action; Adventure; Comedy",,2021-10-15,https://anilist.co/anime/20635
6702,FAIRY TAIL,Fairy Tail,completed,90,9,72,18,175,175,100,70,TV,2009,2000s,TV Tokyo,"Action; Adventure; Comedy; Fantasy",,2021-10-15,https://anilist.co/anime/6702
121,Hagane no Renkinjutsushi,Fullmetal Alchemist,completed,90,9,79,11,51,51,100,21.25,TV,2003,2000s,bones,"Action; Adventure; Drama; Fantasy",,2021-10-15,https://anilist.co/anime/121
101921,Kaguya-sama wa Kokurasetai: Tensaitachi no Renai Zunousen,Kaguya-sama: Love is War,completed,90,9,83,7,12,12,100,4.8,TV,2019,2010s,A-1 Pictures,"Comedy; Psychological; Romance; Slice of Life",,2021-10-15,https://anilist.co/anime/101921
112641,Kaguya-sama wa Kokurasetai?: Tensaitachi no Renai Zunousen,Kaguya-sama: Love is War?,completed,90,9,85,5,12,12,100,5,TV,2020,2020s,A-1 Pictures,"Comedy; Psychological; Romance; Slice of Life",,2021-10-15,https://anilist.co/anime/112641
20623,Kiseijuu: Sei no Kakuritsu,Parasyte -the maxim-,completed,90,9,81,9,24,24,100,9.6,TV,2014,2010s,MADHOUSE,"Action; Drama; Horror; Psychological; Sci-Fi",,2021-10-15,https://anilist.co/anime/20623
117343,Munou na Nana,Talentless Nana,completed,90,9,70,20,13,13,100,5.2,TV,2020,2020s,Bridge,"Drama; Horror; Mystery; Psychological; Supernatural; Thriller",,2021-10-15,https://anilist.co/anime/117343
21355,Re:Zero kara Hajimeru Isekai Seikatsu,Re:ZERO -Starting Life in Another World-,completed,90,9,81,9,25,25,100,10.42,TV,2016,2010s,WHITE FOX,"Action; Adventure; Drama; Fantasy; Psychological; Romance; Thriller",,2021-10-15,https://anilist.co/anime/21355
116006,THE GOD OF HIGH SCHOOL,The God of High School,completed,90,9,69,21,13,13,100,5.2,TV,2020,2020s,MAPPA,"Action; Fantasy",,2021-10-15,https://anilist.co/anime/116006
141014,Tomodachi Game,Tomodachi Game,completed,90,9,76,14,12,12,100,4.6,ONA,2022,2020s,Okuruto Noboru,"Drama; Mystery; Psychological; Thriller",2022-04-09,,https://anilist.co/anime/141014
857,Air Gear,Air Gear,completed,80,8,70,10,25,25,100,10,TV,2006,2000s,Toei Animation,"Action; Comedy; Ecchi; Sports",,2021-10-15,https://anilist.co/anime/857
9989,Ano Hi Mita Hana no Namae wo Bokutachi wa Mada Shiranai.,Anohana: The Flower We Saw That Day,completed,80,8,80,0,11,11,100,4.03,TV,2011,2010s,Aniplex,"Drama; Romance; Slice of Life; Supernatural",,2021-10-15,https://anilist.co/anime/9989
101347,Dororo,Dororo,completed,80,8,81,'-1,24,24,100,9.6,TV,2019,2010s,MAPPA,"Action; Adventure; Drama; Supernatural",,2021-10-15,https://anilist.co/anime/101347
225,Dragon Ball GT,Dragon Ball GT,completed,80,8,63,17,64,64,100,25.6,TV,1996,1990s,Toei Animation,"Action; Adventure; Comedy; Sci-Fi",,2021-10-15,https://anilist.co/anime/225
21175,Dragon Ball Super,Dragon Ball Super,completed,80,8,73,7,131,131,100,52.4,TV,2015,2010s,Toei Animation,"Action; Adventure; Comedy; Fantasy; Sci-Fi",,2021-10-15,https://anilist.co/anime/21175
124080,Horimiya,Horimiya,completed,80,8,81,'-1,13,13,100,5.2,TV,2021,2020s,CloverWorks,"Comedy; Romance; Slice of Life",2024-05-13,2021-10-15,https://anilist.co/anime/124080
115230,Kami no Tou: Tower of God,Tower of God,completed,80,8,74,6,13,13,100,5.42,TV,2020,2020s,Telecom Animation Film,"Action; Adventure; Drama; Fantasy; Mystery",,2021-10-15,https://anilist.co/anime/115230
206914,Nippon Sangoku,NIPPON SANGOKU: The Three Nations of the Crimson Sun,completed,80,8,84,'-4,12,12,100,5.2,ONA,2026,2020s,Studio Kafka,"Action; Drama; Sci-Fi",2026-08-29,2026-09-06,https://anilist.co/anime/206914
20807,Prison School,Prison School,completed,80,8,73,7,12,12,100,4.8,TV,2015,2010s,J.C.STAFF,"Comedy; Ecchi",,2021-10-15,https://anilist.co/anime/20807
130549,RE-MAIN,RE-MAIN,completed,80,8,69,11,12,12,100,4.6,TV,2021,2020s,MAPPA,"Drama; Sports",,2021-10-15,https://anilist.co/anime/130549
114124,Yuukoku no Moriarty,Moriarty the Patriot,completed,80,8,80,0,11,11,100,4.4,TV,2020,2020s,Production I.G,"Drama; Mystery; Psychological; Thriller",,2021-11-10,https://anilist.co/anime/114124
116589,86: Eighty Six,86 EIGHTY-SIX,completed,70,7,83,'-13,11,11,100,4.4,TV,2021,2020s,A-1 Pictures,"Action; Drama; Mecha; Sci-Fi",,2021-10-15,https://anilist.co/anime/116589
116566,Akudama Drive,Akudama Drive,completed,70,7,74,'-4,12,12,100,4.8,TV,2020,2020s,Studio Pierrot,"Action; Drama; Sci-Fi; Thriller",,2021-10-15,https://anilist.co/anime/116566
20755,Ansatsu Kyoushitsu,Assassination Classroom,completed,70,7,79,'-9,22,22,100,8.43,TV,2015,2010s,Lerche,"Action; Comedy; Drama; Supernatural",,2021-10-15,https://anilist.co/anime/20755
21170,Ansatsu Kyoushitsu 2nd Season,Assassination Classroom Second Season,completed,70,7,83,'-13,25,25,100,9.58,TV,2016,2010s,Lerche,"Action; Comedy; Drama; Supernatural",,2021-10-15,https://anilist.co/anime/21170
889,BLACK LAGOON,Black Lagoon,completed,70,7,78,'-8,12,12,100,4.8,TV,2006,2000s,MADHOUSE,"Action; Adventure; Drama; Thriller",,2021-10-15,https://anilist.co/anime/889
1519,BLACK LAGOON: The Second Barrage,Black Lagoon: The Second Barrage,completed,70,7,80,'-10,12,12,100,4.8,TV,2006,2000s,MADHOUSE,"Action; Adventure; Drama; Thriller",,2021-10-15,https://anilist.co/anime/1519
105190,Darwin's Game,Darwin's Game,completed,70,7,70,0,11,11,100,4.4,TV,2020,2020s,Nexus,"Action; Mystery; Sci-Fi; Thriller",,2021-10-15,https://anilist.co/anime/105190
105333,Dr. STONE,Dr. STONE,completed,70,7,81,'-11,24,24,100,9.6,TV,2019,2010s,TMS Entertainment,"Action; Adventure; Comedy; Sci-Fi",,2021-10-15,https://anilist.co/anime/105333
113936,Dr. STONE: STONE WARS,Dr. STONE: STONE WARS,completed,70,7,81,'-11,11,11,100,4.4,TV,2021,2020s,TMS Entertainment,"Action; Adventure; Comedy; Sci-Fi",,2021-10-15,https://anilist.co/anime/113936
105310,Enen no Shouboutai,Fire Force,completed,70,7,76,'-6,24,24,100,9.6,TV,2019,2010s,david production,"Action; Drama; Sci-Fi; Supernatural",2025-04-26,2025-07-21,https://anilist.co/anime/105310
97922,Inuyashiki,INUYASHIKI LAST HERO,completed,70,7,74,'-4,11,11,100,4.22,TV,2017,2010s,MAPPA,"Action; Drama; Psychological; Sci-Fi",,2021-10-15,https://anilist.co/anime/97922
21699,Kono Subarashii Sekai ni Shukufuku wo! 2,KONOSUBA -God's blessing on this wonderful world! 2,completed,70,7,81,'-11,10,10,100,3.83,TV,2017,2010s,Studio DEEN,"Adventure; Comedy; Ecchi; Fantasy",2026-08-19,2026-08-24,https://anilist.co/anime/21699
21196,Koutetsujou no Kabaneri,Kabaneri of the Iron Fortress,completed,70,7,70,0,12,12,100,4.6,TV,2016,2010s,WIT STUDIO,"Action; Drama; Fantasy; Horror; Supernatural",,2021-10-15,https://anilist.co/anime/21196
1254,Saint Seiya,Saint Seiya: Knights of the Zodiac,completed,70,7,73,'-3,114,114,100,45.6,TV,1986,1980s,Toei Animation,"Action; Adventure; Fantasy; Sci-Fi",,2021-10-15,https://anilist.co/anime/1254
20850,Tokyo Ghoul √A,Tokyo Ghoul √A,completed,70,7,67,3,12,12,100,4.8,TV,2015,2010s,Studio Pierrot,"Action; Drama; Horror; Mystery; Psychological; Supernatural",,2021-10-15,https://anilist.co/anime/20850
21711,91Days,91 Days,completed,60,6,76,'-16,12,12,100,4.8,TV,2016,2010s,Shuka,"Action; Drama; Psychological",,2021-10-15,https://anilist.co/anime/21711
100665,Back Street Girls: Gokudols,Back Street Girls -GOKUDOLS-,completed,60,6,67,'-7,10,10,100,4,TV,2018,2010s,J.C.STAFF,"Comedy; Ecchi; Music",,2021-10-15,https://anilist.co/anime/100665
21234,Boku dake ga Inai Machi,ERASED,completed,60,6,81,'-21,12,12,100,4.6,TV,2016,2010s,A-1 Pictures,"Drama; Mystery; Psychological; Supernatural; Thriller",,2021-10-16,https://anilist.co/anime/21234
110353,Deca-Dence,DECA-DENCE,completed,60,6,71,'-11,12,12,100,4.8,TV,2020,2020s,NUT,"Action; Adventure; Sci-Fi",,2021-10-15,https://anilist.co/anime/110353
15,Eyeshield 21,Eyeshield 21,completed,60,6,76,'-16,145,145,100,55.58,TV,2005,2000s,Studio Gallop,"Action; Comedy; Sports",,,https://anilist.co/anime/15
113418,Super Cub,Super Cub,completed,60,6,72,'-12,12,12,100,4.8,TV,2021,2020s,Studio KAI,Slice of Life,2021-10-16,2022-01-22,https://anilist.co/anime/113418
102351,Tokyo Ghoul:re 2,Tokyo Ghoul:re 2,completed,60,6,62,'-2,12,12,100,4.8,TV,2018,2010s,Studio Pierrot,"Action; Horror; Mystery; Psychological; Supernatural",,2021-10-15,https://anilist.co/anime/102351
108725,Yakusoku no Neverland 2,The Promised Neverland Season 2,completed,60,6,51,9,11,11,100,4.22,TV,2021,2020s,CloverWorks,"Action; Adventure; Drama; Fantasy; Horror; Psychological; Thriller",,2021-10-15,https://anilist.co/anime/108725
20605,Tokyo Ghoul,Tokyo Ghoul,completed,40,4,76,'-36,12,12,100,4.8,TV,2014,2010s,Studio Pierrot,"Action; Drama; Horror; Mystery; Psychological; Supernatural",,2021-10-15,https://anilist.co/anime/20605
150672,[Oshi no Ko],OSHI NO KO,completed,,,84,,11,11,100,4.4,TV,2023,2020s,Doga Kobo,"Drama; Mystery; Psychological; Supernatural",2023-04-14,2023-07-08,https://anilist.co/anime/150672
166531,[Oshi no Ko] 2nd Season,OSHI NO KO Season 2,completed,,,85,,13,13,100,5.2,TV,2024,2020s,KADOKAWA,"Drama; Mystery; Psychological; Supernatural",2024-07-07,2024-11-17,https://anilist.co/anime/166531
182587,[Oshi no Ko] 3rd Season,OSHI NO KO Season 3,completed,,,86,,11,11,100,4.4,TV,2026,2020s,KADOKAWA,"Drama; Mystery; Psychological; Supernatural",2026-01-17,2026-04-05,https://anilist.co/anime/182587
209827,[Oshi no Ko] Final Season,,planning,,,,,0,,,0,TV,,Unknown,Doga Kobo,"Drama; Mystery; Psychological; Supernatural",,,https://anilist.co/anime/209827
131586,86: Eighty Six Part 2,86 EIGHTY-SIX Part 2,completed,,,87,,12,12,100,4.8,TV,2021,2020s,A-1 Pictures,"Action; Drama; Mecha; Sci-Fi",,2022-04-03,https://anilist.co/anime/131586
101239,Ahiru no Sora,Ahiru no Sora,planning,,,70,,0,50,0,0,TV,2019,2010s,diomedéa,"Drama; Sports",,,https://anilist.co/anime/101239
196935,Akane-banashi,Akane-banashi,completed,,,79,,12,12,100,5,TV,2026,2020s,ZEXCS,Drama,2026-04-06,2026-06-25,https://anilist.co/anime/196935
213360,Akane-banashi 2nd Season,,planning,,,,,0,,,0,TV,2027,2020s,Aniplex,Drama,,,https://anilist.co/anime/213360
131548,Akebi-chan no Sailor Fuku,Akebi’s Sailor Uniform,planning,,,75,,0,12,0,0,TV,2022,2020s,CloverWorks,Slice of Life,,,https://anilist.co/anime/131548
20632,Aldnoah.Zero,ALDNOAH.ZERO,planning,,,70,,0,12,0,0,TV,2014,2010s,A-1 Pictures,"Action; Mecha; Sci-Fi",,,https://anilist.co/anime/20632
136149,Alice to Therese no Maboroshi Koujou,maboroshi,planning,,,72,,0,1,0,0,MOVIE,2023,2020s,MAPPA,"Drama; Fantasy; Romance; Supernatural",,,https://anilist.co/anime/136149
21349,ALL OUT!!,All Out!!,completed,,,66,,25,25,100,10,TV,2016,2010s,MADHOUSE,Sports,2024-01-08,2024-01-14,https://anilist.co/anime/21349
20596,Ao Haru Ride,Blue Spring Ride,planning,,,75,,0,12,0,0,TV,2014,2010s,Production I.G,"Drama; Romance; Slice of Life",,,https://anilist.co/anime/20596
170942,Ao no Hako,Blue Box,completed,,,81,,25,25,100,10,ONA,2024,2020s,Telecom Animation Film,"Romance; Slice of Life; Sports",2024-10-13,2025-04-13,https://anilist.co/anime/170942
189123,Ao no Hako Season 2,Blue Box Season 2,watching,,,80,,1,12,8.3,0.4,TV,2026,2020s,Electric Circus,"Romance; Slice of Life; Sports",2026-10-04,,https://anilist.co/anime/189123
169258,Ao no Miburo,Blue Miburo,completed,,,64,,24,24,100,9.6,TV,2024,2020s,Maho Film,Drama,2025-12-29,2026-04-10,https://anilist.co/anime/169258
189258,Ao no Miburo: Serizawa Ansatsu-hen,Blue Miburo Season 2,completed,,,67,,14,14,100,5.6,TV,2026,2020s,Maho Film,Drama,2026-04-10,2026-06-22,https://anilist.co/anime/189258
134732,Aoashi,Aoashi,completed,,,81,,24,24,100,10,TV,2022,2020s,Production I.G,"Drama; Sports",2022-04-14,2022-09-29,https://anilist.co/anime/134732
191788,Aoashi 2nd Season,Aoashi Season 2,watching,,,78,,1,24,4.2,0.4,TV,2026,2020s,TMS Entertainment,Sports,2026-10-04,,https://anilist.co/anime/191788
21830,Atom: The Beginning,Atom: The Beginning,completed,,,64,,12,12,100,5,TV,2017,2010s,Production I.G,"Mecha; Sci-Fi",,2024-07-21,https://anilist.co/anime/21830
155982,AYAKA,AYAKA,planning,,,61,,1,12,8.3,0.4,TV,2023,2020s,Studio Blanc,"Action; Supernatural",2023-07-24,,https://anilist.co/anime/155982
5081,Bakemonogatari,Bakemonogatari,planning,,,82,,0,15,0,0,TV,2009,2000s,Aniplex,"Comedy; Drama; Mystery; Psychological; Romance; Supernatural",,,https://anilist.co/anime/5081
100388,BANANA FISH,BANANA FISH,planning,,,83,,0,24,0,0,TV,2018,2010s,MAPPA,"Action; Drama; Psychological; Thriller",,,https://anilist.co/anime/100388
87435,BanG Dream!,BanG Dream!,planning,,,68,,0,13,0,0,TV,2017,2010s,Xebec,"Comedy; Drama; Music; Slice of Life",,,https://anilist.co/anime/87435
155890,Bartender: Kami no Glass,BARTENDER Glass of God,completed,,,73,,12,12,100,4.8,TV,2024,2020s,Liber,"Drama; Slice of Life",2024-04-10,2024-09-08,https://anilist.co/anime/155890
97940,Black Clover,Black Clover,paused,,,79,,11,170,6.5,4.4,TV,2017,2010s,Studio Pierrot,"Action; Adventure; Comedy; Fantasy",,2021-10-15,https://anilist.co/anime/97940
140499,BLUE GIANT,Blue Giant,planning,,,83,,0,1,0,0,MOVIE,2023,2020s,Toho,"Drama; Music",,,https://anilist.co/anime/140499
137822,Blue Lock,BLUE LOCK,completed,,,79,,24,24,100,10,TV,2022,2020s,8-bit,"Action; Drama; Sports",2022-10-09,2023-04-01,https://anilist.co/anime/137822
163146,Blue Lock VS. U-20 JAPAN,BLUE LOCK Season 2,dropped,,,75,,2,14,14.3,0.8,TV,2024,2020s,8-bit,"Action; Drama; Sports",2024-10-06,,https://anilist.co/anime/163146
128705,Blue Period,Blue Period,dropped,,,77,,5,12,41.7,2,ONA,2021,2020s,Seven Arcs,"Drama; Slice of Life",2021-10-16,,https://anilist.co/anime/128705
130003,Bocchi the Rock!,BOCCHI THE ROCK!,completed,,,87,,12,12,100,4.8,TV,2022,2020s,CloverWorks,"Comedy; Music; Slice of Life",2026-02-18,2026-02-24,https://anilist.co/anime/130003
166896,Bokura no Ameiro Protocol,Protocol: Rain,dropped,,,56,,2,12,16.7,0.77,TV,2023,2020s,Quad,Drama,2023-10-06,,https://anilist.co/anime/166896
142455,Bubble,Bubble,completed,,,71,,1,1,100,1.67,ONA,2022,2020s,WIT STUDIO,"Romance; Sci-Fi; Sports; Supernatural",,,https://anilist.co/anime/142455
155907,Buddy Daddies,Buddy Daddies,dropped,,,80,,7,12,58.3,2.8,TV,2023,2020s,P.A.WORKS,"Action; Comedy; Drama; Slice of Life",2023-01-09,,https://anilist.co/anime/155907
100745,Captain Tsubasa (2018),Captain Tsubasa (2018),completed,,,71,,52,52,100,20.8,TV,2018,2010s,david production,"Action; Sports",2023-09-26,2024-01-07,https://anilist.co/anime/100745
1674,Captain Tsubasa J,,completed,,,69,,47,47,100,21.15,TV,1994,1990s,NAS,Sports,,2021-10-15,https://anilist.co/anime/1674
163024,Captain Tsubasa: Season 2 - Junior Youth-hen,Captain Tsubasa: Junior Youth Arc,completed,,,73,,39,39,100,14.3,TV,2023,2020s,Studio KAI,"Action; Sports",2024-09-15,2026-08-19,https://anilist.co/anime/163024
2043,Cat's♥Eye,Cat's Eye,completed,,,70,,36,36,100,15,TV,1983,1980s,Tokyo Movie Shinsha,"Action; Adventure; Comedy; Mystery; Romance",2021-10-18,2023-09-03,https://anilist.co/anime/2043
184718,Cat's♥Eye (2025),Cat's Eye (2025),completed,,,64,,12,12,100,4.8,ONA,2025,2020s,LIDENFILMS,"Action; Adventure; Comedy; Mystery; Romance",2025-09-27,2026-02-07,https://anilist.co/anime/184718
127230,Chainsaw Man,Chainsaw Man,completed,,,83,,12,12,100,5,TV,2022,2020s,MAPPA,"Action; Drama; Horror; Supernatural",,2024-07-06,https://anilist.co/anime/127230
171627,Chainsaw Man: Reze-hen,Chainsaw Man – The Movie: Reze Arc,completed,,,90,,1,1,100,1.67,MOVIE,2025,2020s,MAPPA,"Action; Drama; Horror; Romance; Supernatural",2025-12-14,2025-12-14,https://anilist.co/anime/171627
21713,Cheer Danshi!!,Cheer Boys!!,planning,,,63,,0,12,0,0,TV,2016,2010s,Brain's Base,"Slice of Life; Sports",,,https://anilist.co/anime/21713
151514,Chi. Chikyuu no Undou ni Tsuite,Orb: On the Movements of the Earth,completed,,,86,,25,25,100,10.42,TV,2024,2020s,MADHOUSE,Drama,2025-01-21,2025-03-18,https://anilist.co/anime/151514
137908,Chiyu Mahou no Machigatta Tsukaikata,The Wrong Way to Use Healing Magic,dropped,,,75,,1,13,7.7,0.4,TV,2024,2020s,Shin-Ei Animation,"Action; Fantasy",2024-01-06,,https://anilist.co/anime/137908
126830,Code Geass: Dakkan no Rozé,Code Geass: Rozé of the Recapture,planning,,,64,,0,12,0,0,ONA,2024,2020s,Sunrise,"Action; Drama; Mecha; Sci-Fi; Thriller",,,https://anilist.co/anime/126830
120377,Cyberpunk: Edgerunners,Cyberpunk: Edgerunners,completed,,,85,,10,10,100,4,ONA,2022,2020s,TRIGGER,"Action; Drama; Psychological; Sci-Fi",2025-12-07,2025-12-29,https://anilist.co/anime/120377
171018,Dandadan,DAN DA DAN,completed,,,83,,12,12,100,4.8,TV,2024,2020s,Science SARU,"Action; Comedy; Drama; Romance; Sci-Fi; Supernatural",2024-10-06,2025-01-19,https://anilist.co/anime/171018
185660,Dandadan 2nd Season,DAN DA DAN Season 2,completed,,,83,,12,12,100,4.8,TV,2025,2020s,Science SARU,"Action; Comedy; Drama; Romance; Sci-Fi; Supernatural",2025-10-27,2025-11-05,https://anilist.co/anime/185660
177679,Darwin Jihen,The Darwin Incident,planning,,,69,,0,13,0,0,TV,2026,2020s,Toho,"Sci-Fi; Thriller",,,https://anilist.co/anime/177679
20931,Death Parade,Death Parade,completed,,,80,,12,12,100,4.6,TV,2015,2010s,MADHOUSE,"Drama; Mystery; Psychological; Supernatural; Thriller",2026-03-01,2026-03-02,https://anilist.co/anime/20931
155963,Dosanko Gal wa Namara Menkoi,Hokkaido Gals Are Super Adorable!,dropped,,,70,,2,12,16.7,0.8,TV,2024,2020s,BLADE,"Comedy; Romance; Slice of Life",2024-01-09,,https://anilist.co/anime/155963
131518,Dr. STONE: NEW WORLD,Dr. STONE New World,completed,,,81,,11,11,100,4.4,TV,2023,2020s,Toho,"Action; Adventure; Comedy; Sci-Fi",2023-04-27,2023-06-18,https://anilist.co/anime/131518
162670,Dr. STONE: NEW WORLD Part 2,Dr. STONE New World Part 2,planning,,,82,,0,11,0,0,TV,2023,2020s,TMS Entertainment,"Action; Adventure; Comedy; Sci-Fi",,,https://anilist.co/anime/162670
142876,Dr. STONE: Ryuusui,Dr. STONE Special Episode – RYUSUI,completed,,,80,,1,1,100,0.92,SPECIAL,2022,2020s,TMS Entertainment,"Action; Adventure; Comedy; Sci-Fi",2023-04-15,2023-04-15,https://anilist.co/anime/142876
170083,Dragon Ball DAIMA,Dragon Ball DAIMA,dropped,,,75,,8,20,40,3.2,TV,2024,2020s,Toei Animation,"Action; Adventure",2024-10-06,,https://anilist.co/anime/170083
153518,Dungeon Meshi,Delicious in Dungeon,dropped,,,85,,1,24,4.2,0.42,TV,2024,2020s,TRIGGER,"Adventure; Comedy; Fantasy",2024-01-05,,https://anilist.co/anime/153518
6746,Durarara!!,Durarara!!,paused,,,79,,7,24,29.2,2.8,TV,2010,2010s,Aniplex,"Action; Mystery; Supernatural",2026-06-07,,https://anilist.co/anime/6746
114236,Enen no Shouboutai: Ni no Shou,Fire Force Season 2,completed,,,78,,24,24,100,9.6,TV,2020,2020s,david production,"Action; Drama; Sci-Fi; Supernatural",2025-07-21,2025-09-24,https://anilist.co/anime/114236
149118,Enen no Shouboutai: San no Shou,Fire Force Season 3,completed,,,78,,12,12,100,4.8,TV,2025,2020s,david production,"Action; Drama; Sci-Fi; Supernatural",2025-09-24,2025-10-26,https://anilist.co/anime/149118
179062,Enen no Shouboutai: San no Shou Part 2,Fire Force Season 3 Part 2,completed,,,82,,13,13,100,5.2,TV,2026,2020s,david production,"Action; Drama; Sci-Fi; Supernatural",2026-01-16,2026-04-06,https://anilist.co/anime/179062
186003,Fermat no Ryouri,Fermat Kitchen,planning,,,68,,0,12,0,0,TV,2025,2020s,SKY Perfect Pictures,"Drama; Slice of Life",,,https://anilist.co/anime/186003
120,Fruits Basket,Fruits Basket,planning,,,75,,0,26,0,0,TV,2001,2000s,Studio DEEN,"Comedy; Drama; Romance; Slice of Life; Supernatural",,,https://anilist.co/anime/120
105334,Fruits Basket: 1st Season,Fruits Basket (2019),paused,,,82,,2,25,8,0.8,TV,2019,2010s,TMS Entertainment,"Comedy; Drama; Romance; Slice of Life; Supernatural",2025-05-11,,https://anilist.co/anime/105334
198188,Fujimoto Tatsuki 17-26,Tatsuki Fujimoto 17-26,completed,,,79,,8,8,100,2.4,MOVIE,2025,2020s,ZEXCS,"Action; Comedy; Drama; Romance; Sci-Fi; Slice of Life; Supernatural",2025-11-09,2025-11-10,https://anilist.co/anime/198188
138565,Fumetsu no Anata e Season 2,To Your Eternity Season 2,completed,,,80,,20,20,100,8.33,TV,2022,2020s,Drive,"Adventure; Drama; Fantasy; Psychological; Supernatural",2022-11-13,2023-04-01,https://anilist.co/anime/138565
112719,Futsal Boys!!!!!,Futsal Boys!!!!!,dropped,,,50,,3,12,25,1.2,TV,2022,2020s,diomedéa,Sports,2022-01-29,,https://anilist.co/anime/112719
188139,Futsutsuka na Akujo de wa Gozaimasu ga: Suuguu Chouso Torikae Den,Though I Am an Inept Villainess,planning,,,80,,0,11,0,0,TV,2026,2020s,Doga Kobo,"Drama; Fantasy; Romance",,,https://anilist.co/anime/188139
918,Gintama,Gintama,paused,,,85,,18,201,9,7.5,TV,2006,2000s,Sunrise,"Action; Comedy; Drama; Sci-Fi",2023-08-05,,https://anilist.co/anime/918
185116,Gnosia,GNOSIA,completed,,,77,,21,21,100,8.75,TV,2025,2020s,Aniplex,"Drama; Mystery; Sci-Fi; Thriller",2025-10-24,2026-03-16,https://anilist.co/anime/185116
125426,Gokushufudou,The Way of the Househusband,completed,,,71,,5,5,100,1.42,ONA,2021,2020s,J.C.STAFF,"Comedy; Slice of Life",2025-01-19,2025-02-16,https://anilist.co/anime/125426
8425,GOSICK,Gosick,planning,,,77,,0,24,0,0,TV,2011,2010s,bones,"Drama; Mystery; Romance",,,https://anilist.co/anime/8425
110349,GREAT PRETENDER,Great Pretender,completed,,,81,,23,23,100,8.82,ONA,2020,2020s,WIT STUDIO,"Action; Comedy; Drama; Thriller",2023-12-25,2024-01-05,https://anilist.co/anime/110349
170935,GREAT PRETENDER: razbliuto,GREAT PRETENDER razbliuto,planning,,,69,,0,1,0,0,ONA,2024,2020s,WIT STUDIO,"Action; Drama; Thriller",,,https://anilist.co/anime/170935
10793,Guilty Crown,Guilty Crown,planning,,,69,,0,22,0,0,TV,2011,2010s,Production I.G,"Action; Drama; Mecha; Psychological; Romance; Sci-Fi",,,https://anilist.co/anime/10793
137667,Guimi Zhi Zhu: Xiaochou Pian,Lord of Mysteries,planning,,,85,,0,13,0,0,ONA,2025,2020s,B.CMAY PICTURES,"Action; Drama; Fantasy; Mystery; Supernatural; Thriller",,,https://anilist.co/anime/137667
3002,Gyakkyou Burai Kaiji: Ultimate Survivor,Kaiji - Ultimate Survivor,planning,,,82,,0,26,0,0,TV,2007,2000s,MADHOUSE,"Psychological; Thriller",,,https://anilist.co/anime/3002
153658,Haikyuu!!: Gomi Suteba no Kessen,HAIKYU!! The Dumpster Battle,completed,,,86,,1,1,100,1.42,MOVIE,2024,2020s,Toho,"Comedy; Drama; Sports",2025-05-08,2025-05-08,https://anilist.co/anime/153658
137312,Hakozume: Kouban Joshi no Gyakushuu,Police in a Pod,planning,,,68,,0,13,0,0,TV,2022,2020s,MADHOUSE,"Comedy; Drama; Slice of Life",,,https://anilist.co/anime/137312
101045,Hanebado!,HANEBADO!,dropped,,,66,,2,13,15.4,0.8,TV,2018,2010s,LIDENFILMS,"Drama; Slice of Life; Sports",2025-02-13,,https://anilist.co/anime/101045
100977,Hataraku Saibou,Cells at Work!,planning,,,73,,0,13,0,0,TV,2018,2010s,david production,"Action; Comedy; Sci-Fi",,,https://anilist.co/anime/100977
152302,HIGHSPEED Étoile,HIGHSPEED Étoile,dropped,,,53,,5,12,41.7,2,TV,2024,2020s,King Records,Sports,2024-05-05,,https://anilist.co/anime/152302
163132,Horimiya: piece,Horimiya: The Missing Pieces,completed,,,81,,13,13,100,5.2,TV,2023,2020s,CloverWorks,"Comedy; Romance; Slice of Life",2024-04-01,2024-05-12,https://anilist.co/anime/163132
12189,Hyouka,Hyouka,planning,,,79,,0,22,0,0,TV,2012,2010s,Kyoto Animation,"Mystery; Romance; Slice of Life",,,https://anilist.co/anime/12189
177385,Ikoku Nikki,Journal with Witch,planning,,,87,,0,13,0,0,TV,2026,2020s,Shuka,"Drama; Slice of Life",,,https://anilist.co/anime/177385
152072,Isekai de Mofumofu Nadenade Suru Tame ni Ganbattemasu.,Fluffy Paradise,dropped,,,66,,3,12,25,1.2,ONA,2024,2020s,EMT Squared,"Adventure; Fantasy; Slice of Life",2024-01-01,,https://anilist.co/anime/152072
146850,Isekai Nonbiri Nouka,Farming Life in Another World,completed,,,74,,12,12,100,4.8,TV,2023,2020s,Zero-G,"Fantasy; Slice of Life",2026-09-14,2026-09-21,https://anilist.co/anime/146850
197824,Isekai Nonbiri Nouka 2,Farming Life in Another World 2,completed,,,73,,12,12,100,4.8,TV,2026,2020s,Zero-G,"Fantasy; Slice of Life",2026-09-21,2026-10-03,https://anilist.co/anime/197824
161476,Ishura,ISHURA,dropped,,,65,,1,12,8.3,0.4,TV,2024,2020s,KADOKAWA,"Action; Drama; Fantasy",2024-01-02,,https://anilist.co/anime/161476
153360,Jidou Hanbaiki ni Umarekawatta Ore wa Meikyuu wo Samayou,"Reborn as a Vending Machine, I Now Wander the Dungeon",dropped,,,62,,2,12,16.7,0.8,TV,2023,2020s,Studio Gokumi,"Adventure; Comedy; Fantasy",2023-07-24,,https://anilist.co/anime/153360
128893,Jigokuraku,Hell’s Paradise,completed,,,80,,13,13,100,5.2,TV,2023,2020s,MAPPA,"Action; Adventure; Mystery; Supernatural",2023-04-01,2023-07-08,https://anilist.co/anime/128893
166613,Jigokuraku 2nd Season,Hell’s Paradise Season 2,completed,,,82,,12,12,100,4.8,TV,2026,2020s,MAPPA,"Action; Adventure; Mystery; Supernatural",2026-01-17,2026-04-06,https://anilist.co/anime/166613
21291,Joker Game,Joker Game,planning,,,66,,0,12,0,0,TV,2016,2010s,Production I.G,"Action; Drama; Mystery; Psychological; Thriller",2026-07-19,,https://anilist.co/anime/21291
131573,Jujutsu Kaisen 0,JUJUTSU KAISEN 0,completed,,,83,,1,1,100,1.75,MOVIE,2021,2020s,MAPPA,"Action; Supernatural",2022-04-14,,https://anilist.co/anime/131573
145064,Jujutsu Kaisen 2nd Season,JUJUTSU KAISEN Season 2,completed,,,86,,23,23,100,9.2,TV,2023,2020s,MAPPA,"Action; Drama; Supernatural",,2023-12-29,https://anilist.co/anime/145064
209895,Jujutsu Kaisen: Shimetsu Kaiyuu - Kouhen,,planning,,,,,0,,,0,UNKNOWN,,Unknown,MAPPA,"Action; Drama; Supernatural",,,https://anilist.co/anime/209895
172463,Jujutsu Kaisen: Shimetsu Kaiyuu - Zenpen,JUJUTSU KAISEN Season 3: The Culling Game Part 1,completed,,,86,,12,12,100,4.8,TV,2026,2020s,Toho,"Action; Drama; Supernatural",2026-01-16,2026-04-05,https://anilist.co/anime/172463
14467,K,K,planning,,,71,,0,13,0,0,TV,2012,2010s,Starchild Records,"Action; Mystery; Supernatural",,,https://anilist.co/anime/14467
151384,Kaguya-sama wa Kokurasetai: First Kiss wa Owaranai,Kaguya-sama: Love is War -The First Kiss That Never Ends-,planning,,,87,,0,4,0,0,TV,2023,2020s,A-1 Pictures,"Comedy; Psychological; Romance; Slice of Life",,,https://anilist.co/anime/151384
205081,Kaguya-sama wa Kokurasetai: Kanketsu-hen,,planning,,,,,0,1,0,0,MOVIE,,Unknown,Unknown Studio,"Comedy; Psychological; Romance; Slice of Life",,,https://anilist.co/anime/205081
194884,Kaguya-sama wa Kokurasetai: Otona e no Kaidan,Kaguya-sama: Love Is War -Stairway to Adulthood-,planning,,,84,,0,2,0,0,SPECIAL,2025,2020s,Aniplex,"Comedy; Psychological; Romance; Slice of Life",,,https://anilist.co/anime/194884
125368,Kaguya-sama wa Kokurasetai: Tensaitachi no Renai Zunousen OVA,,completed,,,75,,1,1,100,0.4,OVA,2021,2020s,Shueisha,"Comedy; Ecchi; Romance; Slice of Life",2021-10-24,2021-10-24,https://anilist.co/anime/125368
125367,Kaguya-sama wa Kokurasetai: Ultra Romantic,Kaguya-sama: Love is War -Ultra Romantic-,completed,,,89,,13,13,100,5.2,TV,2022,2020s,Aniplex,"Comedy; Psychological; Romance; Slice of Life",2022-04-14,2022-06-24,https://anilist.co/anime/125367
3010,Kaiketsu Zorro,The Legend of Zorro,planning,,,67,,0,52,0,0,TV,1996,1990s,Ashi Productions,Adventure,,,https://anilist.co/anime/3010
122052,Kaizoku Oujo,Fena: Pirate Princess,planning,,,69,,0,12,0,0,TV,2021,2020s,Production I.G,"Action; Adventure; Romance",,,https://anilist.co/anime/122052
98314,Kakegurui,Kakegurui,watching,,,70,,4,12,33.3,1.67,TV,2017,2010s,MAPPA,"Drama; Mystery; Psychological",2026-10-03,,https://anilist.co/anime/98314
153406,Kami no Tou: Tower of God 2nd Season,Tower of God Season 2,completed,,,66,,26,26,100,10.4,TV,2024,2020s,Crunchyroll,"Action; Adventure; Drama; Fantasy; Mystery",2024-07-07,2025-03-02,https://anilist.co/anime/153406
181444,Kaoru Hana wa Rin to Saku,The Fragrant Flower Blooms With Dignity,planning,,,84,,0,13,0,0,TV,2025,2020s,Aniplex,"Comedy; Drama; Romance",,,https://anilist.co/anime/181444
170938,Katsute Mahou Shoujo to Aku wa Tekitai Shite Ita.,The Magical Girl and the Evil Lieutenant Used to Be Archenemies,dropped,,,74,,1,12,8.3,0.2,TV_SHORT,2024,2020s,bones,"Comedy; Fantasy; Mahou Shoujo; Romance",2024-10-16,,https://anilist.co/anime/170938
127911,Kawaii dake ja Nai Shikimori-san,Shikimori's Not Just a Cutie,dropped,,,68,,3,12,25,1.15,TV,2022,2020s,Doga Kobo,"Comedy; Romance; Slice of Life",2022-04-21,,https://anilist.co/anime/127911
174653,Kenka Dokugaku,Viral Hit,dropped,,,71,,5,12,41.7,1.92,TV,2024,2020s,Okuruto Noboru,"Action; Comedy",2024-04-11,,https://anilist.co/anime/174653
1289,Kidou Keisatsu Patlabor: NEW OVA,Mobile Police Patlabor: The New Files,completed,,,76,,16,16,100,6.67,OVA,1990,1990s,Touhouku Shinsha,"Comedy; Mecha; Sci-Fi",,2021-10-15,https://anilist.co/anime/1289
101922,Kimetsu no Yaiba,Demon Slayer: Kimetsu no Yaiba,completed,,,82,,26,26,100,10.4,TV,2019,2010s,ufotable,"Action; Adventure; Drama; Fantasy; Supernatural",,2023-06-12,https://anilist.co/anime/101922
166240,Kimetsu no Yaiba: Hashira Geiko-hen,Demon Slayer: Kimetsu no Yaiba Hashira Training Arc,completed,,,79,,8,8,100,4,TV,2024,2020s,ufotable,"Action; Adventure; Drama; Fantasy; Supernatural",2024-04-10,2024-08-25,https://anilist.co/anime/166240
145139,Kimetsu no Yaiba: Katanakaji no Sato-hen,Demon Slayer: Kimetsu no Yaiba Swordsmith Village Arc,completed,,,80,,11,11,100,4.4,TV,2023,2020s,ufotable,"Action; Adventure; Drama; Fantasy; Supernatural",2023-08-09,2023-09-17,https://anilist.co/anime/145139
129874,Kimetsu no Yaiba: Mugen Ressha-hen (TV),Demon Slayer: Kimetsu no Yaiba Mugen Train Arc,completed,,,82,,7,7,100,2.68,TV,2021,2020s,ufotable,"Action; Adventure; Drama; Fantasy; Mystery; Supernatural",,2023-06-25,https://anilist.co/anime/129874
178788,Kimetsu no Yaiba: Mugenjou-hen Movie 1 - Akaza Sairai,Demon Slayer: Kimetsu no Yaiba Infinity Castle,completed,,,86,,1,1,100,2.58,MOVIE,2025,2020s,Aniplex,"Action; Adventure; Drama; Fantasy; Supernatural",,2026-10-04,https://anilist.co/anime/178788
142329,Kimetsu no Yaiba: Yuukaku-hen,Demon Slayer: Kimetsu no Yaiba Entertainment District Arc,completed,,,86,,11,11,100,4.4,TV,2022,2020s,ufotable,"Action; Adventure; Fantasy; Supernatural",,2023-08-04,https://anilist.co/anime/142329
20954,Koe no Katachi,A Silent Voice,completed,,,88,,1,1,100,2.17,MOVIE,2016,2010s,Kyoto Animation,"Drama; Romance; Slice of Life",,,https://anilist.co/anime/20954
20968,Kokoro ga Sakebitagatterun da.,The Anthem of the Heart,completed,,,76,,1,1,100,1.98,MOVIE,2015,2010s,A-1 Pictures,"Drama; Music; Psychological; Romance; Slice of Life",2024-03-16,2024-03-17,https://anilist.co/anime/20968
133965,"Komi-san wa, Komyushou desu.",Komi Can’t Communicate,completed,,,76,,12,12,100,4.8,TV,2021,2020s,OLM,"Comedy; Romance; Slice of Life",2021-10-18,2022-04-20,https://anilist.co/anime/133965
142984,"Komi-san wa, Komyushou desu. 2",Komi Can't Communicate Part 2,planning,,,78,,0,12,0,0,TV,2022,2020s,Shogakukan-Shueisha Productions,"Comedy; Romance; Slice of Life",,,https://anilist.co/anime/142984
150075,Kono Subarashii Sekai ni Bakuen wo!,KONOSUBA -An Explosion on This Wonderful World!,completed,,,74,,12,12,100,4.8,TV,2023,2020s,KADOKAWA,"Adventure; Comedy; Fantasy",2026-08-27,2026-09-02,https://anilist.co/anime/150075
21202,Kono Subarashii Sekai ni Shukufuku wo!,KONOSUBA -God's blessing on this wonderful world!,completed,,,79,,10,10,100,3.83,TV,2016,2010s,Studio DEEN,"Adventure; Comedy; Ecchi; Fantasy",2023-10-01,2023-10-31,https://anilist.co/anime/21202
97996,Kono Subarashii Sekai ni Shukufuku wo! 2: Kono Subarashii Geijutsu ni Shukufuku wo!,KONOSUBA -God's blessing on this wonderful world! 2: God's Blessings on These Wonderful Works of Art!,completed,,,78,,1,1,100,0.48,OVA,2017,2010s,Studio DEEN,"Adventure; Comedy; Fantasy",,2026-08-25,https://anilist.co/anime/97996
136804,Kono Subarashii Sekai ni Shukufuku wo! 3,KONOSUBA -God's blessing on this wonderful world! 3,completed,,,82,,11,11,100,4.4,TV,2024,2020s,Drive,"Action; Adventure; Comedy; Ecchi; Fantasy",2026-09-07,2026-09-12,https://anilist.co/anime/136804
181244,Kono Subarashii Sekai ni Shukufuku wo! 3: BONUS STAGE,KONOSUBA -God's Blessing on This Wonderful World! 3 -BONUS STAGE-,planning,,,80,,0,2,0,0,OVA,2025,2020s,KADOKAWA,"Action; Adventure; Comedy; Ecchi; Fantasy",,,https://anilist.co/anime/181244
187924,Kono Subarashii Sekai ni Shukufuku wo! 4,,planning,,,,,0,,,0,TV,2027,2020s,KADOKAWA,"Action; Adventure; Comedy; Ecchi; Fantasy",,,https://anilist.co/anime/187924
102976,Kono Subarashii Sekai ni Shukufuku wo! Kurenai Densetsu,KONOSUBA -God's blessing on this wonderful world!- Legend of Crimson,completed,,,82,,1,1,100,1.5,MOVIE,2019,2010s,J.C.STAFF,"Action; Adventure; Comedy; Ecchi; Fantasy; Supernatural",,2026-08-26,https://anilist.co/anime/102976
21574,Kono Subarashii Sekai ni Shukufuku wo!: Kono Subarashii Choker ni Shukufuku wo!,KONOSUBA -God's blessing on this wonderful world!: God's Blessings On This Wonderful Choker!,completed,,,76,,1,1,100,0.4,OVA,2016,2010s,Studio DEEN,"Comedy; Ecchi; Fantasy",,2026-07-30,https://anilist.co/anime/21574
214426,Koutetsujou no Kabaneri: Mumei Ranman,,planning,,,63,,0,1,0,0,SPECIAL,2026,2020s,WIT STUDIO,"Action; Fantasy",,,https://anilist.co/anime/214426
182814,Kowloon Generic Romance,KOWLOON GENERIC ROMANCE,planning,,,72,,0,13,0,0,TV,2025,2020s,Arvo Animation,"Drama; Mystery; Romance; Sci-Fi; Slice of Life",,,https://anilist.co/anime/182814
177552,Kuroiwa Medaka ni Watashi no Kawaii ga Tsuujinai,Medaka Kuroiwa is Impervious to My Charms,dropped,,,64,,5,12,41.7,2,TV,2025,2020s,SynergySP,"Comedy; Ecchi; Romance",2024-11-20,,https://anilist.co/anime/177552
11771,Kuroko no Basket,Kuroko's Basketball,completed,,,78,,25,25,100,10,TV,2012,2010s,Production I.G,"Comedy; Sports",,,https://anilist.co/anime/11771
161645,Kusuriya no Hitorigoto,The Apothecary Diaries,completed,,,88,,24,24,100,9.2,TV,2023,2020s,Toho,"Drama; Mystery",2023-10-22,2024-04-18,https://anilist.co/anime/161645
176301,Kusuriya no Hitorigoto 2nd Season,The Apothecary Diaries Season 2,completed,,,88,,24,24,100,9.6,TV,2025,2020s,Toho,"Drama; Mystery",2024-12-15,2025-07-16,https://anilist.co/anime/176301
195516,Kusuriya no Hitorigoto 3rd Season,The Apothecary Diaries Season 3,watching,,,85,,1,12,8.3,0.4,TV,2026,2020s,Toho,"Drama; Mystery",2026-10-02,,https://anilist.co/anime/195516
21701,Kuzu no Honkai,Scum's Wish,paused,,,68,,2,12,16.7,0.77,TV,2017,2010s,Lerche,"Drama; Ecchi; Psychological; Romance",2025-05-02,,https://anilist.co/anime/21701
19703,Kyousougiga (TV),Kyousougiga,planning,,,75,,0,10,0,0,TV,2013,2010s,Toei Animation,"Action; Fantasy; Supernatural",,,https://anilist.co/anime/19703
167336,Lazarus,LAZARUS,completed,,,70,,13,13,100,5.2,TV,2025,2020s,Adult Swim,"Action; Sci-Fi; Thriller",2025-04-01,2025-07-16,https://anilist.co/anime/167336
193968,Let’s Play: Quest Darake no My Life,Let’s Play,dropped,,,65,,7,12,58.3,2.68,TV,2025,2020s,OLM,"Comedy; Romance; Slice of Life",2025-10-04,,https://anilist.co/anime/193968
197754,LIAR GAME,LIAR GAME,planning,,,65,,0,26,0,0,TV,2026,2020s,MADHOUSE,"Drama; Psychological",,,https://anilist.co/anime/197754
131863,Liar Liar,"Liar, Liar",dropped,,,61,,3,12,25,1.2,TV,2023,2020s,GEEKTOYS,"Psychological; Romance",2023-07-24,,https://anilist.co/anime/131863
122511,Long Zu,Dragon Raja -The Blazing Dawn-,planning,,,73,,0,17,0,0,ONA,2022,2020s,Tencent Penguin Pictures,"Action; Drama; Fantasy",,,https://anilist.co/anime/122511
154924,Lupin III VS Cat's Eye,LUPIN THE 3rd vs. CAT’S EYE,planning,,,64,,0,1,0,0,ONA,2023,2020s,TMS Entertainment,"Action; Adventure; Comedy; Mystery",,,https://anilist.co/anime/154924
143270,Lycoris Recoil,Lycoris Recoil,completed,,,81,,13,13,100,5.2,TV,2022,2020s,A-1 Pictures,"Action; Slice of Life",2022-09-18,,https://anilist.co/anime/143270
179706,Lycoris Recoil: Friends are thieves of time.,Lycoris Recoil -Friends are thieves of time.-,dropped,,,77,,1,6,16.7,0.07,ONA,2025,2020s,Aniplex,"Comedy; Slice of Life",2025-04-10,,https://anilist.co/anime/179706
98436,Mahoutsukai no Yome,The Ancient Magus' Bride,planning,,,78,,0,24,0,0,TV,2017,2010s,WIT STUDIO,"Drama; Fantasy; Romance; Slice of Life; Supernatural",,,https://anilist.co/anime/98436
171457,Make Heroine ga Oosugiru!,Makeine: Too Many Losing Heroines!,dropped,,,80,,2,12,16.7,0.8,TV,2024,2020s,Aniplex,"Comedy; Romance; Slice of Life",2024-09-08,,https://anilist.co/anime/171457
20537,Mangaka-san to Assistant-san to THE ANIMATION,The Comic Artist & His Assistants,planning,,,67,,0,12,0,0,TV_SHORT,2014,2010s,ZEXCS,"Comedy; Ecchi; Romance; Slice of Life",,,https://anilist.co/anime/20537
217785,Manshuu Ahen Squad,,planning,,,,,0,,,0,UNKNOWN,,Unknown,Unknown Studio,"Action; Mystery; Thriller",,,https://anilist.co/anime/217785
122348,Mashiro no Oto,Those Snow White Notes,planning,,,73,,0,12,0,0,TV,2021,2020s,Shin-Ei Animation,"Drama; Music",,,https://anilist.co/anime/122348
151801,MASHLE,MASHLE: MAGIC AND MUSCLES,paused,,,76,,7,12,58.3,2.8,TV,2023,2020s,Aniplex,"Action; Comedy; Fantasy",2024-03-25,,https://anilist.co/anime/151801
158791,Megumi no Daigo: Kyuukoku no Orange,Firefighter Daigo: Rescuer in Orange,dropped,,,64,,6,23,26.1,2.4,TV,2023,2020s,Brain's Base,"Action; Drama; Thriller",2023-09-23,,https://anilist.co/anime/158791
143327,MF Ghost,MF GHOST,completed,,,74,,12,12,100,4.8,TV,2023,2020s,Avex Pictures,Sports,2023-10-01,2023-12-24,https://anilist.co/anime/143327
171642,MF Ghost 2nd Season,MF GHOST Season 2,completed,,,76,,12,12,100,4.8,TV,2024,2020s,Felix Film,Sports,2024-10-06,2025-01-19,https://anilist.co/anime/171642
185753,MF Ghost 3rd Season,MF GHOST Season 3,completed,,,76,,13,13,100,5.2,ONA,2026,2020s,Felix Film,Sports,2026-02-07,2026-06-21,https://anilist.co/anime/185753
209876,MF Ghost Final Season,,planning,,,,,0,,,0,TV,,Unknown,Unknown Studio,Sports,,,https://anilist.co/anime/209876
100749,Mirai no Mirai,Mirai,planning,,,71,,0,1,0,0,MOVIE,2018,2010s,Studio Chizu,"Adventure; Comedy; Drama; Fantasy; Slice of Life",,,https://anilist.co/anime/100749
21507,Mob Psycho 100,Mob Psycho 100,planning,,,84,,0,12,0,0,TV,2016,2010s,bones,"Action; Comedy; Drama; Psychological; Slice of Life; Supernatural",,,https://anilist.co/anime/21507
167146,Momochi-san Chi no Ayakashi Ouji,The Demon Prince of Momochi House,dropped,,,62,,1,12,8.3,0.4,TV,2024,2020s,Drive,"Romance; Supernatural",2024-01-06,,https://anilist.co/anime/167146
108465,Mushoku Tensei: Isekai Ittara Honki Dasu,Mushoku Tensei: Jobless Reincarnation,planning,,,82,,2,11,18.2,0.8,TV,2021,2020s,Studio Bind,"Adventure; Drama; Ecchi; Fantasy",,2021-10-15,https://anilist.co/anime/108465
877,NANA,NANA,completed,,,85,,47,47,100,18.02,TV,2006,2000s,MADHOUSE,"Drama; Music; Romance; Slice of Life",2024-01-02,2026-04-06,https://anilist.co/anime/877
142769,"Natsu e no Tunnel, Sayonara no Deguchi","The Tunnel to Summer, the Exit of Goodbyes",planning,,,80,,0,1,0,0,MOVIE,2022,2020s,CLAP,"Drama; Romance; Supernatural",,,https://anilist.co/anime/142769
145665,NieR:Automata Ver1.1a,NieR:Automata Ver1.1a,planning,,,73,,0,12,0,0,TV,2023,2020s,Aniplex,"Action; Drama; Fantasy; Mystery; Psychological; Sci-Fi",,,https://anilist.co/anime/145665
151639,Ninja Kamui,Ninja Kamui,dropped,,,64,,3,13,23.1,1.15,TV,2024,2020s,E&H Production,"Action; Adventure; Drama; Sci-Fi",2024-02-25,,https://anilist.co/anime/151639
216346,Nippon Sangoku (Zoku-hen),,planning,,,,,0,,,0,UNKNOWN,,Unknown,Studio Kafka,"Action; Drama; Sci-Fi",,,https://anilist.co/anime/216346
18897,Nisekoi,Nisekoi,completed,,,73,,20,20,100,8,TV,2014,2010s,Aniplex,"Comedy; Romance; Slice of Life",2024-09-08,2024-10-13,https://anilist.co/anime/18897
147642,Nozomanu Fushi no Boukensha,The Unwanted Undead Adventurer,dropped,,,74,,1,12,8.3,0.4,ONA,2024,2020s,CONNECT,"Action; Adventure; Fantasy",2024-01-06,,https://anilist.co/anime/147642
102499,Okusama ga Seitokaichou!: Okusama Gekijou,My Wife is the Student Council President: Wife Theater,planning,,,63,,0,12,0,0,SPECIAL,2015,2010s,Seven,Comedy,,,https://anilist.co/anime/102499
21,ONE PIECE,ONE PIECE,watching,,,87,,74,,,29.6,TV,1999,1990s,Toei Animation,"Action; Adventure; Comedy; Drama; Fantasy",,,https://anilist.co/anime/21
182469,ONE PIECE FAN LETTER,ONE PIECE FAN LETTER,dropped,,,89,,0,1,0,0,SPECIAL,2024,2020s,Toei Animation,"Action; Adventure; Fantasy",2024-10-21,,https://anilist.co/anime/182469
97668,One Punch Man 2,One-Punch Man Season 2,planning,,,74,,0,12,0,0,TV,2019,2010s,J.C.STAFF,"Action; Comedy; Sci-Fi; Supernatural",,,https://anilist.co/anime/97668
151807,Ore dake Level Up na Ken,Solo Leveling,completed,,,80,,12,12,100,4.8,TV,2024,2020s,A-1 Pictures,"Action; Adventure; Fantasy",2024-01-06,2024-04-19,https://anilist.co/anime/151807
213846,Ore dake Level Up na Ken: Beyond the System,Solo Leveling: Beyond the System,planning,,,,,0,1,0,0,MOVIE,,Unknown,Aniplex,"Action; Fantasy",,,https://anilist.co/anime/213846
176496,Ore dake Level Up na Ken: Season 2 - Arise from the Shadow,Solo Leveling Season 2 -Arise from the Shadow-,completed,,,84,,13,13,100,5.2,TV,2025,2020s,Aniplex,"Action; Adventure; Fantasy",2025-01-05,2025-04-18,https://anilist.co/anime/176496
128034,ORIENT,ORIENT,completed,,,62,,12,12,100,4.8,TV,2022,2020s,A.C.G.T.,"Action; Adventure; Comedy; Fantasy",,2026-04-15,https://anilist.co/anime/128034
146637,ORIENT: Awajishima Gekitou-hen,ORIENT Part 2,completed,,,69,,12,12,100,4.8,TV,2022,2020s,A.C.G.T.,"Action; Adventure; Comedy; Fantasy",2026-04-15,2026-04-19,https://anilist.co/anime/146637
113717,Ousama Ranking,Ranking of Kings,completed,,,83,,23,23,100,8.82,TV,2021,2020s,WIT STUDIO,"Action; Adventure; Drama; Fantasy",2025-11-11,2025-11-18,https://anilist.co/anime/113717
153452,Ousama Ranking: Yuuki no Takarabako,Ranking of Kings: The Treasure Chest of Courage,completed,,,74,,10,10,100,3.83,TV,2023,2020s,WIT STUDIO,"Action; Adventure; Drama; Fantasy",2025-11-23,2025-11-30,https://anilist.co/anime/153452
160515,Overtake!,OVERTAKE!,dropped,,,74,,4,12,33.3,1.67,TV,2023,2020s,TROYCA,"Drama; Sports",2023-10-01,,https://anilist.co/anime/160515
20829,Owari no Seraph,Seraph of the End: Vampire Reign,planning,,,73,,0,12,0,0,TV,2015,2010s,WIT STUDIO,"Action; Drama; Fantasy; Mystery; Supernatural",,,https://anilist.co/anime/20829
141774,Paripi Koumei,Ya Boy Kongming!,completed,,,79,,12,12,100,4.8,TV,2022,2020s,P.A.WORKS,"Comedy; Drama; Music; Supernatural",2022-04-22,2022-06-21,https://anilist.co/anime/141774
127401,Platinum End,Platinum End,completed,,,58,,24,24,100,9.6,TV,2021,2020s,Signal.MD,"Drama; Mystery; Psychological; Romance; Supernatural",,,https://anilist.co/anime/127401
99088,PLUTO,PLUTO,dropped,,,84,,1,8,12.5,1,ONA,2023,2020s,Studio M2,"Action; Drama; Mecha; Mystery; Psychological; Sci-Fi; Thriller",2023-12-27,,https://anilist.co/anime/99088
165314,Pon no Michi,Pon no Michi,dropped,,,61,,1,12,8.3,0.4,TV,2024,2020s,OLM,Slice of Life,2024-01-06,,https://anilist.co/anime/165314
101024,Radiant,RADIANT,planning,,,66,,0,21,0,0,TV,2018,2010s,Lerche,"Action; Adventure; Comedy; Fantasy",,,https://anilist.co/anime/101024
20711,Re:_HAMATORA,Re: Hamatora,planning,,,70,,0,12,0,0,TV,2014,2010s,Lerche,"Comedy; Mystery",,,https://anilist.co/anime/20711
97980,Re:CREATORS,Re:CREATORS,planning,,,73,,0,22,0,0,TV,2017,2010s,TROYCA,"Action; Drama; Fantasy; Mecha; Thriller",,,https://anilist.co/anime/97980
108632,Re:Zero kara Hajimeru Isekai Seikatsu 2nd Season,Re:ZERO -Starting Life in Another World- Season 2,completed,,,83,,13,13,100,5.63,TV,2020,2020s,WHITE FOX,"Action; Adventure; Drama; Fantasy; Psychological; Thriller",,2021-10-18,https://anilist.co/anime/108632
119661,Re:Zero kara Hajimeru Isekai Seikatsu 2nd Season Part 2,Re:ZERO -Starting Life in Another World- Season 2 Part 2,completed,,,84,,12,12,100,6,TV,2021,2020s,WHITE FOX,"Action; Adventure; Drama; Fantasy; Psychological; Romance; Thriller",,2021-12-08,https://anilist.co/anime/119661
163134,Re:Zero kara Hajimeru Isekai Seikatsu 3rd Season,Re:ZERO -Starting Life in Another World- Season 3,completed,,,84,,16,16,100,6.4,TV,2024,2020s,KADOKAWA,"Action; Adventure; Drama; Fantasy; Psychological; Romance; Thriller",2024-10-06,2025-04-21,https://anilist.co/anime/163134
189046,Re:Zero kara Hajimeru Isekai Seikatsu 4th Season,Re:ZERO -Starting Life in Another World- Season 4,completed,,,90,,19,19,100,7.6,TV,2026,2020s,KADOKAWA,"Action; Adventure; Drama; Fantasy; Psychological; Romance; Thriller",2026-04-06,2026-10-01,https://anilist.co/anime/189046
21780,Re:Zero kara Hajimeru Kyuukei Jikan (Break Time),Re:ZERO ~Starting Break Time From Zero~,planning,,,65,,0,11,0,0,TV_SHORT,2016,2010s,Studio PuYUKAI,"Adventure; Comedy; Fantasy",,,https://anilist.co/anime/21780
107067,Rikei ga Koi ni Ochita no de Shoumei shitemita.,"Science Fell in Love, So I Tried to Prove It",planning,,,71,,0,12,0,0,ONA,2020,2020s,Zero-G,"Comedy; Romance",,,https://anilist.co/anime/107067
171115,Rising Impact,Rising Impact,dropped,,,76,,2,12,16.7,0.83,ONA,2024,2020s,Lay-duce,"Comedy; Drama; Sports",2024-07-03,,https://anilist.co/anime/171115
21700,Rokudenashi Majutsu Koushi to Akashic Records,Akashic Records of Bastard Magic Instructor,planning,,,68,,0,12,0,0,TV,2017,2010s,LIDENFILMS,"Action; Comedy; Fantasy",,,https://anilist.co/anime/21700
153930,Romantic Killer,Romantic Killer,completed,,,78,,12,12,100,5.2,ONA,2022,2020s,domerica,"Comedy; Romance",2024-09-13,2024-11-24,https://anilist.co/anime/153930
140502,Ryman's Club,Salaryman's Club,planning,,,72,,0,12,0,0,TV,2022,2020s,LIDENFILMS,"Drama; Sports",,,https://anilist.co/anime/140502
132473,Saihate no Paladin,The Faraway Paladin,completed,,,68,,12,12,100,4.8,TV,2021,2020s,Children's Playground Entertainment,"Action; Adventure; Fantasy; Mystery; Psychological",2025-09-20,2025-09-28,https://anilist.co/anime/132473
143085,Saihate no Paladin: Tetsusabi no Yama no Ou,The Faraway Paladin: The Lord of Rust Mountains,completed,,,73,,12,12,100,4.8,TV,2023,2020s,OLM,"Action; Adventure; Fantasy; Mystery; Psychological",2025-09-28,2025-10-24,https://anilist.co/anime/143085
21804,Saiki Kusuo no Ψ-nan,The Disastrous Life of Saiki K.,completed,,,83,,120,120,100,10,TV_SHORT,2016,2010s,J.C.STAFF,"Comedy; Slice of Life; Supernatural",2024-07-21,2021-10-15,https://anilist.co/anime/21804
98034,Saiki Kusuo no Ψ-nan 2,The Disastrous Life of Saiki K. Season 2,planning,,,83,,0,24,0,0,TV,2018,2010s,J.C.STAFF,"Comedy; Slice of Life; Supernatural",,,https://anilist.co/anime/98034
177709,SAKAMOTO DAYS,SAKAMOTO DAYS,dropped,,,76,,5,11,45.5,2,ONA,2025,2020s,TMS Entertainment,"Action; Comedy",2024-11-20,,https://anilist.co/anime/177709
21595,Sakamoto desu ga?,Haven't You Heard? I'm Sakamoto,completed,,,73,,12,12,100,4.8,TV,2016,2010s,Studio DEEN,"Comedy; Slice of Life",,2024-07-21,https://anilist.co/anime/21595
179302,SANDA,SANDA,planning,,,74,,0,12,0,0,TV,2025,2020s,Science SARU,"Action; Drama; Mystery",,,https://anilist.co/anime/179302
152682,Sasaki to Pii-chan,Sasaki and Peeps,dropped,,,67,,3,12,25,1.2,TV,2024,2020s,KADOKAWA,"Comedy; Fantasy; Mahou Shoujo",2024-01-06,,https://anilist.co/anime/152682
99457,Sayonara no Asa ni Yakusoku no Hana wo Kazarou,Maquia: When the Promised Flower Blooms,completed,,,82,,1,1,100,1.92,MOVIE,2018,2010s,P.A.WORKS,"Drama; Fantasy; Psychological",2023-05-08,2023-05-08,https://anilist.co/anime/99457
123494,Sayonara Watashi no Cramer,"Farewell, My Dear Cramer",planning,,,56,,0,13,0,0,TV,2021,2020s,LIDENFILMS,"Drama; Sports",2025-10-06,,https://anilist.co/anime/123494
101291,Seishun Buta Yarou wa Bunny Girl Senpai no Yume wo Minai,Rascal Does Not Dream of Bunny Girl Senpai,completed,,,81,,13,13,100,5.42,TV,2018,2010s,CloverWorks,"Comedy; Drama; Mystery; Psychological; Romance; Supernatural",2025-05-03,2025-05-13,https://anilist.co/anime/101291
20665,Shigatsu wa Kimi no Uso,Your lie in April,completed,,,84,,22,22,100,8.43,TV,2014,2010s,A-1 Pictures,"Drama; Music; Romance; Slice of Life",,2024-07-21,https://anilist.co/anime/20665
126403,Shiguang Dailiren,Link Click,completed,,,86,,11,11,100,4.4,ONA,2021,2020s,BeDream,"Drama; Mystery; Supernatural; Thriller",2023-10-06,2023-12-25,https://anilist.co/anime/126403
136484,Shiguang Dailiren II,Link Click Season 2,completed,,,86,,12,12,100,4.8,ONA,2023,2020s,BeDream,"Drama; Mystery; Supernatural; Thriller",2023-12-30,2024-01-11,https://anilist.co/anime/136484
191832,Shiguang Dailiren III,Link Click Season 3,planning,,,85,,0,,,0,ONA,2026,2020s,bilibili,"Drama; Mystery; Supernatural; Thriller",,,https://anilist.co/anime/191832
177476,Shin Samurai-den YAIBA,YAIBA: Samurai Legend,planning,,,70,,0,24,0,0,TV,2025,2020s,WIT STUDIO,"Action; Adventure; Comedy; Fantasy",,,https://anilist.co/anime/177476
162314,Shingeki no Kyojin: The Final Season - Kanketsu-hen Kouhen,Attack on Titan Final Season THE FINAL CHAPTERS Special 2,completed,,,87,,1,1,100,1.42,SPECIAL,2023,2020s,MAPPA,"Action; Drama; Fantasy; Psychological; Romance",2023-11-03,2023-11-05,https://anilist.co/anime/162314
131681,Shingeki no Kyojin: The Final Season Part 2,Attack on Titan Final Season Part 2,completed,,,86,,12,12,100,4.8,TV,2022,2020s,MAPPA,"Action; Drama; Fantasy; Mystery; Psychological",2022-01-10,2022-04-14,https://anilist.co/anime/131681
9863,SKET DANCE,SKET Dance,dropped,,,78,,2,77,2.6,0.8,TV,2011,2010s,TV Tokyo,"Comedy; Drama; Slice of Life",2023-01-22,,https://anilist.co/anime/9863
141911,Skip to Loafer,Skip and Loafer,completed,,,81,,12,12,100,4.8,TV,2023,2020s,P.A.WORKS,"Comedy; Romance; Slice of Life",2024-03-24,2024-04-11,https://anilist.co/anime/141911
158028,"Sokushi Cheat ga Saikyou Sugite, Isekai no Yatsura ga Marude Aite ni Naranai n desu ga.",My Instant Death Ability is Overpowered,dropped,,,62,,3,12,25,1.2,TV,2024,2020s,Okuruto Noboru,"Action; Adventure; Comedy; Fantasy",2024-01-05,,https://anilist.co/anime/158028
132405,Sono Bisque Doll wa Koi wo Suru,My Dress-Up Darling,completed,,,80,,12,12,100,4.8,TV,2022,2020s,CloverWorks,"Comedy; Ecchi; Romance; Slice of Life",,,https://anilist.co/anime/132405
140700,Sora-iro Utility,Sorairo Utility,planning,,,65,,0,1,0,0,SPECIAL,2021,2020s,Yostar Pictures,"Slice of Life; Sports",,,https://anilist.co/anime/140700
154587,Sousou no Frieren,Frieren: Beyond Journey’s End,completed,,,91,,28,28,100,11.2,TV,2023,2020s,Toho,"Adventure; Drama; Fantasy",2023-10-03,2025-05-03,https://anilist.co/anime/154587
182255,Sousou no Frieren 2nd Season,Frieren: Beyond Journey’s End Season 2,completed,,,87,,10,10,100,4,TV,2026,2020s,Toho,"Adventure; Drama; Fantasy",2026-01-17,2026-04-05,https://anilist.co/anime/182255
209939,Sousou no Frieren 3rd Season,,planning,,,,,0,,,0,TV,2027,2020s,Toho,"Adventure; Drama; Fantasy",,,https://anilist.co/anime/209939
140960,SPY×FAMILY,SPY x FAMILY,completed,,,83,,12,12,100,4.8,TV,2022,2020s,CloverWorks,"Action; Comedy; Slice of Life; Supernatural",2022-04-14,2022-06-26,https://anilist.co/anime/140960
142838,SPY×FAMILY Part 2,SPY x FAMILY Cour 2,completed,,,81,,13,13,100,5.2,TV,2022,2020s,WIT STUDIO,"Action; Comedy; Slice of Life; Supernatural",2022-10-01,2023-01-08,https://anilist.co/anime/142838
158927,SPY×FAMILY Season 2,SPY x FAMILY Season 2,completed,,,80,,12,12,100,4.8,TV,2023,2020s,WIT STUDIO,"Action; Comedy; Slice of Life; Supernatural",2023-10-04,2024-03-03,https://anilist.co/anime/158927
9253,"Steins;Gate","Steins;Gate",completed,,,89,,24,24,100,9.6,TV,2011,2010s,Frontier Works,"Drama; Psychological; Sci-Fi; Thriller",2024-04-18,2024-07-20,https://anilist.co/anime/9253
129201,Summer Time Render,Summer Time Rendering,completed,,,83,,25,25,100,10,TV,2022,2020s,OLM,"Action; Drama; Mystery; Supernatural; Thriller",2022-04-16,2022-10-05,https://anilist.co/anime/129201
11757,Sword Art Online,Sword Art Online,completed,,,70,,25,25,100,9.58,TV,2012,2010s,Aniplex,"Action; Adventure; Fantasy; Romance",,,https://anilist.co/anime/11757
20594,Sword Art Online II,Sword Art Online II,completed,,,65,,24,24,100,9.6,TV,2014,2010s,Aniplex,"Action; Adventure; Fantasy; Sci-Fi",,,https://anilist.co/anime/20594
100182,Sword Art Online: Alicization,Sword Art Online: Alicization,completed,,,75,,24,24,100,9.6,TV,2018,2010s,A-1 Pictures,"Action; Adventure; Fantasy; Sci-Fi",,,https://anilist.co/anime/100182
108759,Sword Art Online: Alicization - War of Underworld,Sword Art Online: Alicization - War of Underworld,completed,,,75,,12,12,100,4.8,TV,2019,2010s,A-1 Pictures,"Action; Adventure; Drama; Fantasy; Sci-Fi",2023-01-21,,https://anilist.co/anime/108759
114308,Sword Art Online: Alicization - War of Underworld Part 2,Sword Art Online: Alicization - War of Underworld Part 2,completed,,,74,,11,11,100,4.4,TV,2020,2020s,Aniplex,"Action; Adventure; Fantasy",,,https://anilist.co/anime/114308
21403,Sword Art Online: Ordinal Scale,Sword Art Online the Movie: Ordinal Scale,completed,,,73,,1,1,100,1.98,MOVIE,2017,2010s,A-1 Pictures,"Action; Adventure; Fantasy; Romance; Sci-Fi",,,https://anilist.co/anime/21403
185407,Takopii no Genzai,Takopi's Original Sin,completed,,,86,,6,6,100,2.3,ONA,2025,2020s,ENISHIYA,"Drama; Psychological; Sci-Fi",,2025-08-05,https://anilist.co/anime/185407
131565,takt op.Destiny,takt op.Destiny,dropped,,,69,,3,12,25,1.2,TV,2021,2020s,Bandai Namco Arts,"Action; Fantasy; Music",,2021-10-15,https://anilist.co/anime/131565
12445,Tasogare Otome × Amnesia,Dusk Maiden of Amnesia,planning,,,75,,0,12,0,0,TV,2012,2010s,Media Factory,"Horror; Mystery; Romance; Supernatural",,,https://anilist.co/anime/12445
155783,Tengoku Daimakyou,Tengoku Daimakyo,completed,,,81,,13,13,100,5.2,TV,2023,2020s,Production I.G,"Adventure; Mystery; Sci-Fi; Thriller",,2023-06-25,https://anilist.co/anime/155783
106286,Tenki no Ko,Weathering With You,completed,,,81,,1,1,100,1.92,MOVIE,2019,2010s,CoMix Wave,"Drama; Romance; Slice of Life; Supernatural",2023-09-02,2023-09-02,https://anilist.co/anime/106286
166910,The Fable,The Fable,dropped,,,78,,5,25,20,1.92,TV,2024,2020s,Tezuka Productions,"Action; Comedy; Drama; Romance; Thriller",2024-04-07,,https://anilist.co/anime/166910
140643,Tokyo 24-ku,Tokyo 24th Ward,planning,,,60,,0,12,0,0,TV,2022,2020s,CloverWorks,"Mystery; Sci-Fi",,,https://anilist.co/anime/140643
142853,Tokyo Revengers: Seiya Kessen-hen,Tokyo Revengers Season 2,dropped,,,75,,6,13,46.2,2.4,TV,2023,2020s,Pony Canyon,"Action; Drama; Romance; Supernatural",,,https://anilist.co/anime/142853
147105,Tongari Boushi no Atelier,Witch Hat Atelier,planning,,,85,,0,13,0,0,ONA,2026,2020s,BUG FILMS,"Adventure; Drama; Fantasy",,,https://anilist.co/anime/147105
139804,TRIBE NINE,Tribe Nine,planning,,,56,,0,12,0,0,TV,2022,2020s,LIDENFILMS,"Action; Sci-Fi; Sports",,,https://anilist.co/anime/139804
169315,Trillion Game,TRILLION GAME,dropped,,,72,,4,26,15.4,1.6,TV,2024,2020s,KADOKAWA,"Action; Comedy; Drama; Psychological",2025-01-26,,https://anilist.co/anime/169315
131019,Tsuki to Laika to Nosferatu,Irina: The Vampire Cosmonaut,dropped,,,72,,3,12,25,1.2,TV,2021,2020s,Arvo Animation,"Drama; Romance; Sci-Fi; Supernatural",2021-10-16,,https://anilist.co/anime/131019
98514,Uma Musume: Pretty Derby,Umamusume: Pretty Derby,planning,,,73,,0,13,0,0,TV,2018,2010s,P.A.WORKS,"Drama; Music; Slice of Life; Sports",,,https://anilist.co/anime/98514
131646,Vanitas no Carte,The Case Study of Vanitas,planning,,,78,,0,12,0,0,TV,2021,2020s,bones,"Action; Drama; Fantasy; Mystery; Supernatural",,,https://anilist.co/anime/131646
101348,VINLAND SAGA,Vinland Saga,completed,,,87,,24,24,100,9.6,TV,2019,2010s,WIT STUDIO,"Action; Adventure; Drama",2025-08-06,2025-08-18,https://anilist.co/anime/101348
136430,VINLAND SAGA SEASON 2,Vinland Saga Season 2,completed,,,88,,24,24,100,10.4,TV,2023,2020s,Twin Engine,"Action; Adventure; Drama",2025-08-18,2025-09-13,https://anilist.co/anime/136430
21827,Violet Evergarden,Violet Evergarden,completed,,,85,,13,13,100,5.2,TV,2018,2010s,Kyoto Animation,"Drama; Fantasy; Slice of Life",,,https://anilist.co/anime/21827
128546,Vivy: Fluorite Eye’s Song,Vivy -Fluorite Eye's Song-,planning,,,82,,0,13,0,0,TV,2021,2020s,WIT STUDIO,"Action; Drama; Music; Sci-Fi; Thriller",,,https://anilist.co/anime/128546
180436,WanDance,Wandance,dropped,,,66,,1,12,8.3,0.38,TV,2025,2020s,MADHOUSE,"Drama; Sports",2025-10-15,,https://anilist.co/anime/180436
180367,Witch Watch,WITCH WATCH,completed,,,72,,25,25,100,10,TV,2025,2020s,Bibury Animation Studios,"Comedy; Drama; Fantasy; Romance; Slice of Life; Supernatural",2025-11-11,2026-01-08,https://anilist.co/anime/180367
124845,Wonder Egg Priority,WONDER EGG PRIORITY,planning,,,74,,0,12,0,0,TV,2021,2020s,CloverWorks,"Action; Drama; Fantasy; Mystery; Psychological; Sci-Fi; Thriller",,,https://anilist.co/anime/124845
6956,WORKING!!,Wagnaria!!,dropped,,,74,,6,13,46.2,2.4,TV,2010,2010s,Aniplex,"Comedy; Slice of Life",2025-08-24,,https://anilist.co/anime/6956
99578,Wotaku ni Koi wa Muzukashii,Wotakoi: Love is Hard for Otaku,completed,,,78,,11,11,100,4.22,TV,2018,2010s,A-1 Pictures,"Comedy; Romance; Slice of Life",2021-10-13,2022-02-06,https://anilist.co/anime/99578
104217,Wotaku ni Koi wa Muzukashii OVA,,completed,,,79,,3,3,100,1.2,OVA,2019,2010s,A-1 Pictures,"Comedy; Romance; Slice of Life",,2022-02-06,https://anilist.co/anime/104217
141391,Yofukashi no Uta,Call of the Night,completed,,,79,,13,13,100,4.98,TV,2022,2020s,LIDENFILMS,"Comedy; Psychological; Romance; Slice of Life; Supernatural",2025-07-21,2025-09-01,https://anilist.co/anime/141391
175914,Yofukashi no Uta Season 2,Call of the Night Season 2,completed,,,84,,12,12,100,4.6,TV,2025,2020s,LIDENFILMS,"Comedy; Psychological; Romance; Slice of Life; Supernatural",2026-01-11,2026-02-23,https://anilist.co/anime/175914
98659,Youkoso Jitsuryoku Shijou Shugi no Kyoushitsu e,Classroom of the Elite,completed,,,76,,12,12,100,4.8,TV,2017,2010s,Lerche,"Drama; Psychological",,,https://anilist.co/anime/98659
145545,Youkoso Jitsuryoku Shijou Shugi no Kyoushitsu e 2nd Season,Classroom of the Elite Season 2,completed,,,78,,13,13,100,5.2,TV,2022,2020s,KADOKAWA,"Drama; Mystery; Psychological",2022-07-04,2022-09-29,https://anilist.co/anime/145545
146066,Youkoso Jitsuryoku Shijou Shugi no Kyoushitsu e 3rd Season,Classroom of the Elite Season 3,completed,,,78,,13,13,100,5.2,TV,2024,2020s,KADOKAWA,"Drama; Psychological",2023-12-30,2024-04-11,https://anilist.co/anime/146066
180745,Youkoso Jitsuryoku Shijou Shugi no Kyoushitsu e 4th Season 2-nensei-hen Ichi Gakki,"Classroom of the Elite 4th Season: Second Year, First Semester",completed,,,78,,16,16,100,6.4,TV,2026,2020s,Lerche,"Drama; Psychological",2026-04-06,2026-07-30,https://anilist.co/anime/180745
158898,Yozakura-san Chi no Daisakusen,Mission: Yozakura Family,dropped,,,74,,4,27,14.8,1.6,TV,2024,2020s,SILVER LINK.,"Action; Comedy; Romance",2024-03-19,,https://anilist.co/anime/158898
166794,Yubisaki to Renren,A Sign of Affection,completed,,,81,,12,12,100,4.8,TV,2024,2020s,Ajiado,"Romance; Slice of Life",2023-12-30,2024-04-08,https://anilist.co/anime/166794
124858,Yuukoku no Moriarty Part 2,Moriarty the Patriot Part 2,planning,,,82,,0,13,0,0,TV,2021,2020s,Production I.G,"Drama; Mystery; Psychological; Thriller",,,https://anilist.co/anime/124858
21709,Yuuri!!! on ICE,Yuri!!! on ICE,planning,,,78,,0,12,0,0,TV,2016,2010s,MAPPA,"Comedy; Drama; Sports",,,https://anilist.co/anime/21709
20661,Zankyou no Terror,Terror in Resonance,dropped,,,78,,2,11,18.2,0.77,TV,2014,2010s,MAPPA,"Drama; Mystery; Psychological; Thriller",2024-12-20,,https://anilist.co/anime/20661
159831,Zom 100: Zombie ni Naru Made ni Shitai 100 no Koto,Zom 100: Bucket List of the Dead,completed,,,76,,12,12,100,4.8,TV,2023,2020s,Shogakukan-Shueisha Productions,"Action; Adventure; Comedy; Horror; Supernatural",,2024-01-02,https://anilist.co/anime/159831
103871,Zombie Land Saga,ZOMBIE LAND SAGA,planning,,,74,,0,12,0,0,TV,2018,2010s,MAPPA,"Comedy; Music; Supernatural",,,https://anilist.co/anime/103871