Studio,Anime Count,Total Episodes,User Mean Score,Community Mean Score,Score Delta
MAPPA,20,155,84,79.58,4.42
Aniplex,20,162,80,78.17,1.83
WIT STUDIO,18,177,94,78.17,15.83
A-1 Pictures,16,158,77.5,79.81,'-2.31
Production I.G,15,218,96.67,77.93,18.74
MADHOUSE,14,395,86.67,77.21,9.46
Toho,12,135,100,84.36,15.64
J.C.STAFF,12,222,91.43,76.08,15.35
KADOKAWA,12,105,,78.09,
Toei Animation,11,884,84.29,76,8.29
CloverWorks,11,111,80,76,4
LIDENFILMS,9,63,100,69.11,30.89
bones,8,141,97.5,80,17.5
TMS Entertainment,8,44,70,78,'-8
Studio Pierrot,7,174,73.33,73.86,'-0.53
Lerche,7,77,70,74.29,'-4.29
david production,6,125,70,76.33,'-6.33
Studio DEEN,6,44,70,77,'-7
Sunrise,5,119,93.33,79.4,13.93
P.A.WORKS,5,32,,79,
ufotable,5,63,,81.8,
OLM,5,57,,71.6,
OB Planning,4,64,100,80.25,19.75
Kyoto Animation,4,181,100,82.25,17.75
Zero-G,4,36,100,71,29
WHITE FOX,4,74,90,80.25,9.75
Doga Kobo,4,14,,77.33,
Brain's Base,3,26,100,69.33,30.67
Okuruto Noboru,3,20,90,69.67,20.33
ZEXCS,3,20,,75,
Science SARU,3,24,,80,
Drive,3,32,,74.67,
SynergySP,2,9,100,72.5,27.5
CoMix Wave,2,2,100,83,17
TV Tokyo,2,177,90,75,15
Telecom Animation Film,2,38,80,77.5,2.5
Studio Kafka,2,12,80,84,'-4
Shuka,2,12,60,81.5,'-21.5
Studio KAI,2,51,60,72.5,'-12.5
diomedéa,2,3,,60,
Maho Film,2,38,,65.5,
8-bit,2,26,,77,
Shin-Ei Animation,2,1,,74,
TRIGGER,2,11,,85,
Shogakukan-Shueisha Productions,2,12,,77,
Arvo Animation,2,3,,72,
Felix Film,2,25,,76,
A.C.G.T.,2,24,,65.5,
TROYCA,2,4,,73.5,
BeDream,2,23,,86,
Nippon Animation,1,62,100,83,17
Avex Entertainment,1,14,100,79,21
Funimation,1,26,100,69,31
Tsuchida Productions,1,128,90,71,19
Bridge,1,13,90,70,20
Nexus,1,11,70,70,0
NUT,1,12,60,71,'-11
Studio Gallop,1,145,60,76,'-16
Electric Circus,1,1,,80,
Studio Blanc,1,1,,61,
Xebec,1,0,,68,
Liber,1,12,,73,
Seven Arcs,1,5,,77,
Quad,1,2,,56,
NAS,1,47,,69,
Tokyo Movie Shinsha,1,36,,70,
BLADE,1,2,,70,
SKY Perfect Pictures,1,0,,68,
B.CMAY PICTURES,1,0,,85,
King Records,1,5,,53,
EMT Squared,1,3,,66,
Studio Gokumi,1,2,,62,
Starchild Records,1,0,,71,
Shueisha,1,1,,75,
Ashi Productions,1,0,,67,
Crunchyroll,1,26,,66,
Touhouku Shinsha,1,16,,76,
Adult Swim,1,13,,70,
GEEKTOYS,1,3,,61,
Tencent Penguin Pictures,1,0,,73,
Avex Pictures,1,12,,74,
Studio Chizu,1,0,,71,
Studio Bind,1,2,,82,
CLAP,1,0,,80,
E&H Production,1,3,,64,
CONNECT,1,1,,74,
Seven,1,0,,63,
Signal.MD,1,168,,58,
Studio M2,1,1,,84,
Studio PuYUKAI,1,0,,65,
Lay-duce,1,2,,76,
domerica,1,12,,78,
Children's Playground Entertainment,1,12,,68,
bilibili,1,0,,84,
Yostar Pictures,1,0,,65,
Frontier Works,1,24,,89,
ENISHIYA,1,6,,86,
Bandai Namco Arts,1,3,,69,
Media Factory,1,0,,75,
Tezuka Productions,1,5,,78,
Pony Canyon,1,6,,75,
BUG FILMS,1,0,,85,
Twin Engine,1,24,,88,
Bibury Animation Studios,1,25,,72,
SILVER LINK.,1,4,,74,
Ajiado,1,12,,81,