Genre,Anime Count,Watch Hours,User Mean Score,Community Mean Score,Score Delta,Completion Rate %,Drop Rate %
Drama,187,910.17,86.67,78.53,8.14,62.03,9.63
Action,179,1485.28,85.16,76.7,8.46,67.6,10.06
Comedy,129,939.43,88.82,76.57,12.25,58.91,15.5
Fantasy,99,826.47,90.43,76.78,13.65,61.62,11.11
Adventure,91,952.58,84.62,76.71,7.91,73.63,8.79
Supernatural,85,565.53,83.81,78.7,5.11,71.76,3.53
Romance,77,383.53,92.22,77.13,15.09,55.84,15.58
Slice of Life,72,229.78,83.33,77.11,6.22,51.39,16.67
Psychological,66,329.85,80.53,77.89,2.64,68.18,6.06
Mystery,65,343.23,86.32,77,9.32,64.62,3.08
Sci-Fi,56,459.05,76.88,75.91,0.97,67.86,5.36
Sports,46,349.62,93.75,73.55,20.2,60.87,15.22
Thriller,45,203.27,82.5,78.07,4.43,62.22,8.89
Ecchi,21,75.37,87.78,75.3,12.48,71.43,4.76
Horror,15,83.45,79.09,72.8,6.29,93.33,0
Music,13,43.23,60,76.92,'-16.92,46.15,7.69
Mecha,11,41.87,83.33,76.55,6.78,54.55,9.09
Mahou Shoujo,2,1.4,,70.5,,0,100